"0","library(corrplot)     "
"0","library(ggplot2)"
"0","library(readr)"
"0","library(kableExtra)"
"0","library(ggplot2)"
"0","library(readxl)"
"0","library(corrplot)"
"0","library(knitr)"
"0","library(gridExtra)"
"0","library(ggplot2)"
"0","library(gridExtra)"
"0","library(grid)"
"0","library(patchwork)"
"0","library(kableExtra)"
"0","library(tidyverse)"
"0","library(reshape2)"
"0","library(ggrepel)"
"0","library(vegan)"
"0","library(factoextra)"
"0","library(ggsci)"
"0","library(ggforce)"
"0","library(concaveman)"
"0",""
