"0","ggplot(datos_env) + "
"0","  geom_point(aes(x = direcci√≥n, y = datos_env$Elevaci√≥n, shape = factor(datos_env$Grupos), colour = factor(datos_env$L√≠tico)), size = 2.5) + "
"0","  coord_polar(start = 2.35619 ,direction = 1) +  # Transforma el gr√°fico en circular"
"0","  theme_minimal() +"
"0","  labs(title = ""Distribuci√≥n de los TC en altitud y orientaci√≥n"","
"0","       x = ""Orientaci√≥n"","
"0","       y = ""Altitud"", colour = ""TC"",shape =""TC"") + "
"0","  scale_x_continuous(limits = c(-180,180), breaks = c(-45,45,135,-135), "
"0","                     labels = c(""O"",""N"",""E"",""S""), minor_breaks = c(-90,0,90,180)) + # Ejes con direcciones cardinales"
"0","  theme(legend.position = ""right"") +"
"0","  scale_y_continuous(limits = c(380, 540), breaks = c(400,425,450,475,500,525,550)) + # Dejar un espacio en el centro"
"0","theme_light()"
"2","Aviso:"
"2"," [38;5;232mUse of `datos_env$Elevaci√≥n` is discouraged.
[36m‚Ñπ[38;5;232m Use `Elevaci√≥n` instead.[39m
"
"2","Aviso:"
"2"," [38;5;232mUse of `datos_env$Grupos` is discouraged.
[36m‚Ñπ[38;5;232m Use `Grupos` instead.[39m
"
"2","Aviso:"
"2"," [38;5;232mUse of `datos_env$L√≠tico` is discouraged.
[36m‚Ñπ[38;5;232m Use `L√≠tico` instead.[39m
"
