"0","#| label: fig-fig4 "
"0","#| fig-cap: ""Diagrama de cajas y bigotes para comparar las altitudes entre distintos tipos de superficie en las parcelas seg√∫n el eje a favor de la pendiente."""
"0",""
"0","g3 = ggplot(datos_env,aes(x=factor(Superficie.PD),y=Elevaci√≥n)) + "
"0","  geom_boxplot(aes(y= Elevaci√≥n, fill = factor(Superficie.PD)), notch = TRUE) + theme_classic() + "
"0","  guides(fill = ""none"") +   scale_x_discrete(labels = c(""1"" = ""Convexo"", ""0"" = ""Neutro"", ""-1"" = ""Concavo"")) + "
"0","  labs( x = ""Tipos de relieve a lo largo de la pendiente"")"
"0",""
"0","g3"
"1","[38;5;232mNotch went outside hinges
[36m‚Ñπ[38;5;232m Do you want `notch = FALSE`?[39m
"
